{"cameraMode":{"drawMode":0,"name":"Shaded","section":"Shading Mode"},"sceneLighting":true,"audioPlay":false,"sceneViewState":{"showFog":true,"showMaterialUpdate":false,"showSkybox":true,"showFlares":true,"showImageEffects":true,"showParticleSystems":true},"in2DMode":false,"pivot":{"x":-12.380475997924805,"y":2.9067556858062746,"z":6.0299577713012699},"rotation":{"x":0.15095435082912446,"y":-0.34296709299087527,"z":-0.05594281479716301,"w":-0.9254509210586548},"size":55.99695587158203,"orthographic":false}