{"cameraMode":{"drawMode":0,"name":"Shaded","section":"Shading Mode"},"sceneLighting":true,"audioPlay":false,"sceneViewState":{"showFog":true,"showMaterialUpdate":false,"showSkybox":true,"showFlares":true,"showImageEffects":true,"showParticleSystems":true},"in2DMode":false,"pivot":{"x":-3.5653815269470217,"y":1.8029820919036866,"z":-0.8704185485839844},"rotation":{"x":-0.0003095139400102198,"y":-0.008403358981013298,"z":0.0000035182918054488256,"w":-0.999968409538269},"size":15.540855407714844,"orthographic":false}