{"cameraMode":{"drawMode":0,"name":"Shaded","section":"Shading Mode"},"sceneLighting":true,"audioPlay":false,"sceneViewState":{"showFog":true,"showMaterialUpdate":false,"showSkybox":true,"showFlares":true,"showImageEffects":true,"showParticleSystems":true},"in2DMode":false,"pivot":{"x":-0.47969985008239748,"y":1.6954681873321534,"z":-6.807923316955566},"rotation":{"x":-0.02533118985593319,"y":-0.7417094111442566,"z":0.02805737406015396,"w":-0.6696599125862122},"size":15.10882568359375,"orthographic":false}